bcr_patient_barcode,smiles,label
TCGA-DK-A6B2,Nc1ccn([C@@H]2O[C@H](CO)[C@@H](O)C2(F)F)c(=O)n1,0
TCGA-GV-A3QI,Nc1ccn([C@@H]2O[C@H](CO)[C@@H](O)C2(F)F)c(=O)n1,0
TCGA-2W-A8YY,[Cl][Pt][Cl],1
TCGA-C5-A1BQ,[Cl][Pt][Cl],1
TCGA-DS-A5RQ,[Cl][Pt][Cl],1
TCGA-DS-A7WF,[Cl][Pt][Cl],1
TCGA-DS-A7WH,[Cl][Pt][Cl],1
TCGA-DS-A7WI,[Cl][Pt][Cl],1
TCGA-EA-A3QD,[Cl][Pt][Cl],1
TCGA-EK-A2H0,[Cl][Pt][Cl],1
TCGA-EX-A3L1,[Cl][Pt][Cl],1
TCGA-FU-A23L,[Cl][Pt][Cl],1
TCGA-FU-A3HY,[Cl][Pt][Cl],1
TCGA-FU-A3HZ,[Cl][Pt][Cl],1
TCGA-HM-A4S6,[Cl][Pt][Cl],1
TCGA-IR-A3L7,[Cl][Pt][Cl],1
TCGA-IR-A3LC,[Cl][Pt][Cl],1
TCGA-IR-A3LH,[Cl][Pt][Cl],1
TCGA-IR-A3LL,[Cl][Pt][Cl],1
TCGA-MA-AA3W,[Cl][Pt][Cl],1
TCGA-MA-AA3X,[Cl][Pt][Cl],1
TCGA-MY-A5BD,[Cl][Pt][Cl],1
TCGA-MY-A5BF,[Cl][Pt][Cl],1
TCGA-MY-A913,[Cl][Pt][Cl],1
TCGA-Q1-A5R2,[Cl][Pt][Cl],1
TCGA-Q1-A5R3,[Cl][Pt][Cl],1
TCGA-Q1-A73O,[Cl][Pt][Cl],1
TCGA-UC-A7PG,[Cl][Pt][Cl],0
TCGA-VS-A8EH,[Cl][Pt][Cl],1
TCGA-VS-A8EI,[Cl][Pt][Cl],1
TCGA-VS-A8EK,[Cl][Pt][Cl],1
TCGA-VS-A8EL,[Cl][Pt][Cl],1
TCGA-VS-A8QF,[Cl][Pt][Cl],1
TCGA-VS-A94W,[Cl][Pt][Cl],1
TCGA-VS-A94X,[Cl][Pt][Cl],1
TCGA-VS-A94Y,[Cl][Pt][Cl],0
TCGA-VS-A94Z,[Cl][Pt][Cl],1
TCGA-VS-A954,[Cl][Pt][Cl],1
TCGA-VS-A957,[Cl][Pt][Cl],1
TCGA-VS-A958,[Cl][Pt][Cl],1
TCGA-VS-A9U5,[Cl][Pt][Cl],1
TCGA-VS-A9U6,[Cl][Pt][Cl],0
TCGA-VS-A9U7,[Cl][Pt][Cl],1
TCGA-VS-A9UB,[Cl][Pt][Cl],1
TCGA-VS-A9UC,[Cl][Pt][Cl],0
TCGA-VS-A9UD,[Cl][Pt][Cl],1
TCGA-VS-A9UH,[Cl][Pt][Cl],1
TCGA-VS-A9UO,[Cl][Pt][Cl],1
TCGA-VS-A9UP,[Cl][Pt][Cl],1
TCGA-VS-A9UR,[Cl][Pt][Cl],1
TCGA-VS-A9UU,[Cl][Pt][Cl],1
TCGA-VS-A9UY,[Cl][Pt][Cl],0
TCGA-VS-A9V0,[Cl][Pt][Cl],1
TCGA-VS-A9V1,[Cl][Pt][Cl],0
TCGA-VS-A9V3,[Cl][Pt][Cl],1
TCGA-VS-AA62,[Cl][Pt][Cl],0
TCGA-4G-AAZO,Nc1ccn([C@@H]2O[C@H](CO)[C@@H](O)C2(F)F)c(=O)n1,0
TCGA-W5-AA2H,Nc1ccn([C@@H]2O[C@H](CO)[C@@H](O)C2(F)F)c(=O)n1,1
TCGA-W5-AA2T,Nc1ccn([C@@H]2O[C@H](CO)[C@@H](O)C2(F)F)c(=O)n1,1
TCGA-ZH-A8Y4,Nc1ccn([C@@H]2O[C@H](CO)[C@@H](O)C2(F)F)c(=O)n1,1
TCGA-AA-3662,CCCCCOC(=O)Nc1nc(=O)n([C@@H]2O[C@H](C)[C@@H](O)[C@H]2O)cc1F,1
TCGA-AA-3713,O=c1[nH]cc(F)c(=O)[nH]1,1
TCGA-AD-6889,CCCCCOC(=O)Nc1nc(=O)n([C@@H]2O[C@H](C)[C@@H](O)[C@H]2O)cc1F,1
TCGA-AD-6901,CCCCCOC(=O)Nc1nc(=O)n([C@@H]2O[C@H](C)[C@@H](O)[C@H]2O)cc1F,1
TCGA-AZ-4616,CCCCCOC(=O)Nc1nc(=O)n([C@@H]2O[C@H](C)[C@@H](O)[C@H]2O)cc1F,0
TCGA-F4-6805,CCCCCOC(=O)Nc1nc(=O)n([C@@H]2O[C@H](C)[C@@H](O)[C@H]2O)cc1F,1
TCGA-F4-6807,CCCCCOC(=O)Nc1nc(=O)n([C@@H]2O[C@H](C)[C@@H](O)[C@H]2O)cc1F,1
TCGA-QG-A5YV,CCCCCOC(=O)Nc1nc(=O)n([C@@H]2O[C@H](C)[C@@H](O)[C@H]2O)cc1F,1
TCGA-QG-A5YX,CCCCCOC(=O)Nc1nc(=O)n([C@@H]2O[C@H](C)[C@@H](O)[C@H]2O)cc1F,1
TCGA-LN-A49M,CCCCCOC(=O)Nc1nc(=O)n([C@@H]2O[C@H](C)[C@@H](O)[C@H]2O)cc1F,1
TCGA-LN-A49O,CCCCCOC(=O)Nc1nc(=O)n([C@@H]2O[C@H](C)[C@@H](O)[C@H]2O)cc1F,0
TCGA-LN-A49Y,CCCCCOC(=O)Nc1nc(=O)n([C@@H]2O[C@H](C)[C@@H](O)[C@H]2O)cc1F,0
TCGA-LN-A4A6,CCCCCOC(=O)Nc1nc(=O)n([C@@H]2O[C@H](C)[C@@H](O)[C@H]2O)cc1F,1
TCGA-LN-A5U6,CCCCCOC(=O)Nc1nc(=O)n([C@@H]2O[C@H](C)[C@@H](O)[C@H]2O)cc1F,1
TCGA-LN-A7HV,CCCCCOC(=O)Nc1nc(=O)n([C@@H]2O[C@H](C)[C@@H](O)[C@H]2O)cc1F,1
TCGA-LN-A7HX,CCCCCOC(=O)Nc1nc(=O)n([C@@H]2O[C@H](C)[C@@H](O)[C@H]2O)cc1F,1
TCGA-LN-A9FP,CCCCCOC(=O)Nc1nc(=O)n([C@@H]2O[C@H](C)[C@@H](O)[C@H]2O)cc1F,1
TCGA-LN-A9FR,CCCCCOC(=O)Nc1nc(=O)n([C@@H]2O[C@H](C)[C@@H](O)[C@H]2O)cc1F,1
TCGA-BB-7864,[Cl][Pt][Cl],1
TCGA-BB-7866,[Cl][Pt][Cl],1
TCGA-BB-7872,[Cl][Pt][Cl],1
TCGA-CN-6998,[Cl][Pt][Cl],0
TCGA-DQ-7595,[Cl][Pt][Cl],1
TCGA-F7-A50J,[Cl][Pt][Cl],1
TCGA-HD-8314,[Cl][Pt][Cl],1
TCGA-MZ-A5BI,[Cl][Pt][Cl],1
TCGA-DD-A3A4,Nc1ccn([C@@H]2O[C@H](CO)[C@@H](O)C2(F)F)c(=O)n1,0
TCGA-FV-A3I0,Nc1ccn([C@@H]2O[C@H](CO)[C@@H](O)C2(F)F)c(=O)n1,0
TCGA-55-7910,[Cl][Pt][Cl],1
TCGA-90-A59Q,[Cl][Pt][Cl],1
TCGA-LK-A4NZ,[Cl][Pt][Cl],0
TCGA-LK-A4O0,[Cl][Pt][Cl],1
TCGA-2L-AAQA,Nc1ccn([C@@H]2O[C@H](CO)[C@@H](O)C2(F)F)c(=O)n1,0
TCGA-2L-AAQE,Nc1ccn([C@@H]2O[C@H](CO)[C@@H](O)C2(F)F)c(=O)n1,0
TCGA-2L-AAQI,Nc1ccn([C@@H]2O[C@H](CO)[C@@H](O)C2(F)F)c(=O)n1,0
TCGA-2L-AAQJ,Nc1ccn([C@@H]2O[C@H](CO)[C@@H](O)C2(F)F)c(=O)n1,0
TCGA-3A-A9IZ,Nc1ccn([C@@H]2O[C@H](CO)[C@@H](O)C2(F)F)c(=O)n1,0
TCGA-F2-6879,Nc1ccn([C@@H]2O[C@H](CO)[C@@H](O)C2(F)F)c(=O)n1,1
TCGA-F2-6880,Nc1ccn([C@@H]2O[C@H](CO)[C@@H](O)C2(F)F)c(=O)n1,1
TCGA-F2-7276,Nc1ccn([C@@H]2O[C@H](CO)[C@@H](O)C2(F)F)c(=O)n1,0
TCGA-F2-A8YN,Nc1ccn([C@@H]2O[C@H](CO)[C@@H](O)C2(F)F)c(=O)n1,0
TCGA-FB-A78T,Nc1ccn([C@@H]2O[C@H](CO)[C@@H](O)C2(F)F)c(=O)n1,1
TCGA-FB-AAQ6,Nc1ccn([C@@H]2O[C@H](CO)[C@@H](O)C2(F)F)c(=O)n1,1
TCGA-HZ-7920,O=c1[nH]cc(F)c(=O)[nH]1,1
TCGA-HZ-7923,Nc1ccn([C@@H]2O[C@H](CO)[C@@H](O)C2(F)F)c(=O)n1,1
TCGA-HZ-7924,Nc1ccn([C@@H]2O[C@H](CO)[C@@H](O)C2(F)F)c(=O)n1,1
TCGA-HZ-8317,Nc1ccn([C@@H]2O[C@H](CO)[C@@H](O)C2(F)F)c(=O)n1,0
TCGA-HZ-8637,Nc1ccn([C@@H]2O[C@H](CO)[C@@H](O)C2(F)F)c(=O)n1,1
TCGA-HZ-A49G,Nc1ccn([C@@H]2O[C@H](CO)[C@@H](O)C2(F)F)c(=O)n1,0
TCGA-HZ-A49H,Nc1ccn([C@@H]2O[C@H](CO)[C@@H](O)C2(F)F)c(=O)n1,1
TCGA-HZ-A49I,O=c1[nH]cc(F)c(=O)[nH]1,0
TCGA-HZ-A77O,Nc1ccn([C@@H]2O[C@H](CO)[C@@H](O)C2(F)F)c(=O)n1,0
TCGA-HZ-A77P,Nc1ccn([C@@H]2O[C@H](CO)[C@@H](O)C2(F)F)c(=O)n1,1
TCGA-IB-7644,Nc1ccn([C@@H]2O[C@H](CO)[C@@H](O)C2(F)F)c(=O)n1,0
TCGA-IB-7647,Nc1ccn([C@@H]2O[C@H](CO)[C@@H](O)C2(F)F)c(=O)n1,0
TCGA-IB-7652,Nc1ccn([C@@H]2O[C@H](CO)[C@@H](O)C2(F)F)c(=O)n1,1
TCGA-IB-7885,Nc1ccn([C@@H]2O[C@H](CO)[C@@H](O)C2(F)F)c(=O)n1,1
TCGA-IB-7889,Nc1ccn([C@@H]2O[C@H](CO)[C@@H](O)C2(F)F)c(=O)n1,0
TCGA-IB-8126,Nc1ccn([C@@H]2O[C@H](CO)[C@@H](O)C2(F)F)c(=O)n1,0
TCGA-IB-8127,Nc1ccn([C@@H]2O[C@H](CO)[C@@H](O)C2(F)F)c(=O)n1,1
TCGA-IB-A5SO,Nc1ccn([C@@H]2O[C@H](CO)[C@@H](O)C2(F)F)c(=O)n1,0
TCGA-IB-A5SP,Nc1ccn([C@@H]2O[C@H](CO)[C@@H](O)C2(F)F)c(=O)n1,0
TCGA-IB-A5SS,Nc1ccn([C@@H]2O[C@H](CO)[C@@H](O)C2(F)F)c(=O)n1,1
TCGA-IB-AAUO,Nc1ccn([C@@H]2O[C@H](CO)[C@@H](O)C2(F)F)c(=O)n1,0
TCGA-Q3-A5QY,Nc1ccn([C@@H]2O[C@H](CO)[C@@H](O)C2(F)F)c(=O)n1,1
TCGA-S4-A8RM,Nc1ccn([C@@H]2O[C@H](CO)[C@@H](O)C2(F)F)c(=O)n1,1
TCGA-US-A774,Nc1ccn([C@@H]2O[C@H](CO)[C@@H](O)C2(F)F)c(=O)n1,0
TCGA-AG-4022,O=c1[nH]cc(F)c(=O)[nH]1,1
TCGA-D3-A1Q3,[Cl][Pt][Cl],1
TCGA-B7-A5TK,CCCCCOC(=O)Nc1nc(=O)n([C@@H]2O[C@H](C)[C@@H](O)[C@H]2O)cc1F,1
TCGA-B7-A5TN,[Cl][Pt][Cl],1
TCGA-BR-A4J8,CCCCCOC(=O)Nc1nc(=O)n([C@@H]2O[C@H](C)[C@@H](O)[C@H]2O)cc1F,1
TCGA-CD-8533,CCCCCOC(=O)Nc1nc(=O)n([C@@H]2O[C@H](C)[C@@H](O)[C@H]2O)cc1F,0
TCGA-CD-A48A,CCCCCOC(=O)Nc1nc(=O)n([C@@H]2O[C@H](C)[C@@H](O)[C@H]2O)cc1F,1
TCGA-CG-4444,O=c1[nH]cc(F)c(=O)[nH]1,1
TCGA-CG-5724,[Cl][Pt][Cl],0
TCGA-F1-A72C,CCCCCOC(=O)Nc1nc(=O)n([C@@H]2O[C@H](C)[C@@H](O)[C@H]2O)cc1F,1
TCGA-FP-7829,O=c1[nH]cc(F)c(=O)[nH]1,1
TCGA-FP-7916,CCCCCOC(=O)Nc1nc(=O)n([C@@H]2O[C@H](C)[C@@H](O)[C@H]2O)cc1F,0
TCGA-FP-A4BE,O=c1[nH]cc(F)c(=O)[nH]1,1
TCGA-HU-8243,O=c1[nH]cc(F)c(=O)[nH]1,1
TCGA-HU-8249,CCCCCOC(=O)Nc1nc(=O)n([C@@H]2O[C@H](C)[C@@H](O)[C@H]2O)cc1F,1
TCGA-HU-8602,CCCCCOC(=O)Nc1nc(=O)n([C@@H]2O[C@H](C)[C@@H](O)[C@H]2O)cc1F,1
TCGA-VQ-A8DU,O=c1[nH]cc(F)c(=O)[nH]1,0
TCGA-VQ-A8DZ,O=c1[nH]cc(F)c(=O)[nH]1,0
TCGA-VQ-A8PD,O=c1[nH]cc(F)c(=O)[nH]1,0
TCGA-VQ-A8PP,O=c1[nH]cc(F)c(=O)[nH]1,0
TCGA-VQ-A91D,O=c1[nH]cc(F)c(=O)[nH]1,0
TCGA-VQ-A91E,O=c1[nH]cc(F)c(=O)[nH]1,1
TCGA-VQ-A91N,O=c1[nH]cc(F)c(=O)[nH]1,0
TCGA-VQ-A91Y,O=c1[nH]cc(F)c(=O)[nH]1,0
TCGA-VQ-A922,O=c1[nH]cc(F)c(=O)[nH]1,0
TCGA-VQ-A928,O=c1[nH]cc(F)c(=O)[nH]1,0
TCGA-VQ-A94O,O=c1[nH]cc(F)c(=O)[nH]1,0
TCGA-VQ-AA6G,O=c1[nH]cc(F)c(=O)[nH]1,0
TCGA-VQ-AA6I,CCCCCOC(=O)Nc1nc(=O)n([C@@H]2O[C@H](C)[C@@H](O)[C@H]2O)cc1F,0
